[{"code":"%s.setVideoUri(%s);","name":"setVideoUri","palette":"183","type":" ","spec":"%m.view setVideoUri %s"},{"code":"%s.setMediaController(%s);","name":"setMediaController","palette":"183","type":" ","spec":"%m.view setMediaController %m.mediacontroller"},{"code":"%s.start();","name":"startVideo","palette":"183","type":" ","spec":"%m.view startVideo"},{"code":"%s.pause();","name":"pauseVideo","palette":"183","type":" ","spec":"%m.view pauseVideo"},{"code":"%s.canPause()","name":"canPauseVideo","palette":"183","type":"b","spec":"%m.view canPauseVideo"},{"code":"%s.canSeekForward()","name":"canSeekForwardVideo","palette":"183","type":"b","spec":"%m.view canSeekForwardVideo"},{"code":"%s.canSeekBackward()","name":"canSeekBackwardVideo","palette":"183","type":"b","spec":"%m.view canSeekBackwardVideo"},{"code":"%s.getDuration()","name":"getDurationVideo","palette":"183","type":"d","spec":"%m.view getDurationVideo"},{"code":"%s.getCurrentPosition()","name":"getCurrentPositionVideo","palette":"183","type":"d","spec":"%m.view getCurrentPositionVideo"},{"code":"%s.isPlaying()","name":"isPlayingVideo","palette":"183","type":"b","spec":"%m.view isPlayingVideo"},{"code":"%s.stopPlayback();","name":"stopPlaybackVideo","palette":"183","type":" ","spec":"%m.view stopPlaybackVideo"}]