[{"code":"","color":"#FF00BCD4","name":"Tab_Layout","typeName":"","palette":"206","type":"h","spec":"Blocks by Kaung Kaung"},{"code":"if (_position \u003d\u003d %1$s) {\r\n\t%2$s\r\n}","color":"#FF00BCD4","name":"tab_position","typeName":"","palette":"206","type":"c","spec":"If  position \u003d %d  then"},{"code":"return new %1$s();","color":"#FF00BCD4","name":"Set_fragment","typeName":"","palette":"206","type":" ","spec":"Set Viewpager fragment %m.activity "},{"code":"%1$s.setAdapter(new MyFragmentAdapter(getApplicationContext(), getSupportFragmentManager(), %3$s));\r\n%2$s.setupWithViewPager(%1$s);","color":"#FF00BCD4","name":"setup_viewpager_and_tablayout","typeName":"","palette":"206","type":" ","spec":"SetUp %m.viewpager With %m.tablayout And Number Of tabs %s.inputOnly "},{"code":"return (%1$s);","color":"#FF00BCD4","name":"set_title","typeName":"","palette":"206","type":" ","spec":"set title %s "}]