[{"code":"final StartAppAd rewardedVideo \u003d new StartAppAd(%1$s.this);","name":"RewardedVideoAd","palette":"207","type":" ","spec":"RewardedVideoAd%m.activity"},{"code":"rewardedVideo.setVideoListener(new VideoListener() {\n@Override\npublic void onVideoCompleted() {\n%1$s\n}\n});","name":"rewardedVideosetListener","palette":"207","type":"c","spec":"rewardedListener onComplete"},{"code":"rewardedVideo.loadAd(StartAppAd.AdMode.REWARDED_VIDEO, new AdEventListener() {\n%1$s\n});","name":"rewardedVideoLoad","palette":"207","type":"c","spec":"rewardedVideoLoad"},{"code":" @Override\npublic void onReceiveAd(Ad ad) {\n%1$s\n}","name":"onSuccessVideoLoad","palette":"207","type":"c","spec":"onSuccessVideoLoad"},{"code":" @Override\npublic void onFailedToReceiveAd(Ad ad) {\n%1$s\n}","name":"onFailedVideoLoad","palette":"207","type":"c","spec":"onFailedVideoLoad"},{"code":"rewardedVideo.showAd();","name":"showVideoAd","palette":"207","type":" ","spec":"showVideoAd"},{"code":"Banner %1$s \u003d new Banner(%2$s.this);\n%1$s.setLayoutParams(new ViewGroup.LayoutParams(ViewGroup.LayoutParams.MATCH_PARENT, ViewGroup.LayoutParams.WRAP_CONTENT));\n%3$s.addView(%1$s);","name":"CreateBannerAd","palette":"207","type":" ","spec":"CreateBannerAd withName%s.inputOnly at%m.activity inflateTo%m.view"},{"code":"StartAppSDK.init(%3$s.this, %1$s, %2$s);","color":"#FFF44336","name":"StartApp(PUT IN ONCREATE)","typeName":"","palette":"207","type":" ","spec":"StartApp AppID%s setReturnAd%b at %m.activity"},{"code":"StartAppSDK.setTestAdsEnabled(true);","name":"StartAppTestAdMode","palette":"207","type":" ","spec":"StartAppSDKsetTestAdsEnabled"},{"code":"StartAppSDK.init(this, %1$s, new SDKAdPreferences()\n.setAge(%2$s));","name":"StartApp_Pref","palette":"207","type":" ","spec":"StartApp_Pref AppID %s TargetAge %s.inputOnly"},{"code":"// Define StartApp Mrec\nMrec startAppMrec \u003d new Mrec(%2$s.this);\nRelativeLayout.LayoutParams mrecParameters \u003d\n            new RelativeLayout.LayoutParams(\n                        RelativeLayout.LayoutParams.WRAP_CONTENT,\n                        RelativeLayout.LayoutParams.WRAP_CONTENT);\nmrecParameters.addRule(RelativeLayout.CENTER_HORIZONTAL);\nmrecParameters.addRule(RelativeLayout.ALIGN_PARENT_BOTTOM);\n\n// Add to main Layout\n%1$s.addView(startAppMrec, mrecParameters);","name":"StartAppMrecBanner","palette":"207","type":" ","spec":"%m.view add_MREC_Banner at %m.activity"},{"code":"final StartAppAd %1$s \u003d new StartAppAd(%2$s.this);\n%1$s.showAd(new AdDisplayListener() {\n    %3$s\n});","color":"#FFF44336","name":"INTERSTITIAL AD","typeName":"","palette":"207","type":"c","spec":"InterstitialAds Create Interstitial Ad Name %s.inputOnly  %m.activity "},{"code":"   @Override\n    public void adHidden(Ad ad) {\n%1$s\n    }","color":"#FFF44336","name":"onHidden(set this block in INTERSTITIAL)1","typeName":"","palette":"207","type":"c","spec":"interstitialAd onHidden "},{"code":"@Override\n    public void adDisplayed(Ad ad) {\n%1$s\n    }","color":"#FFF44336","name":"onDisplayed(set this block in INTERSTITIAL)2","typeName":"","palette":"207","type":"c","spec":"interstitialAd onDisplayed"},{"code":"@Override\n    public void adClicked(Ad ad) {\n%1$s\n    }","color":"#FFF44336","name":"onClicked(set this block in INTERSTITIAL)3","typeName":"","palette":"207","type":"c","spec":"interstitalAd onClicked"},{"code":"@Override\n    public void adNotDisplayed(Ad ad) {\n%1$s\n    }","color":"#FFF44336","name":"adNotDisplayed(set this block in INTERSTITIAL)4","typeName":"","palette":"207","type":"c","spec":"interstitalAd  notDisplayed"},{"code":"StartAppAd.showAd(%1$s.this);","name":"showInterstitialAd","palette":"207","type":" ","spec":"showInterstitialAd%m.activity"},{"code":"StartAppAd.disableSplash();","color":"#FFF44336","name":"Disable Splash","typeName":"","palette":"207","type":" ","spec":"Disable Splash Screen "}]